{"cameraMode":{"drawMode":0,"name":"Shaded","section":"Shading Mode"},"sceneLighting":false,"audioPlay":false,"sceneViewState":{"showFog":true,"showMaterialUpdate":false,"showSkybox":false,"showFlares":true,"showImageEffects":true,"showParticleSystems":true},"in2DMode":false,"pivot":{"x":9.946374893188477,"y":0.1250000149011612,"z":-8.8190336227417},"rotation":{"x":0.10966980457305908,"y":-0.875546932220459,"z":0.40718603134155276,"w":0.23583243787288667},"size":0.701690673828125,"orthographic":false}