{"cameraMode":{"drawMode":0,"name":"Shaded","section":"Shading Mode"},"sceneLighting":true,"audioPlay":false,"sceneViewState":{"showFog":true,"showMaterialUpdate":false,"showSkybox":true,"showFlares":true,"showImageEffects":true,"showParticleSystems":true},"in2DMode":false,"pivot":{"x":8.220521926879883,"y":1.4788767099380494,"z":-10.995413780212403},"rotation":{"x":0.10629711300134659,"y":-0.7782189846038818,"z":0.13704247772693635,"w":0.6036533117294312},"size":0.3589072823524475,"orthographic":false}