{"cameraMode":{"drawMode":0,"name":"Shaded","section":"Shading Mode"},"sceneLighting":false,"audioPlay":false,"sceneViewState":{"showFog":true,"showMaterialUpdate":false,"showSkybox":false,"showFlares":true,"showImageEffects":true,"showParticleSystems":true},"in2DMode":false,"pivot":{"x":8.791044235229493,"y":0.12526510655879975,"z":-7.501358509063721},"rotation":{"x":-0.008430201560258866,"y":-0.9616226553916931,"z":0.2726799547672272,"w":-0.029715918004512788},"size":0.16625098884105683,"orthographic":false}