{"cameraMode":{"drawMode":0,"name":"Shaded","section":"Shading Mode"},"sceneLighting":false,"audioPlay":false,"sceneViewState":{"showFog":true,"showMaterialUpdate":false,"showSkybox":false,"showFlares":true,"showImageEffects":true,"showParticleSystems":true},"in2DMode":false,"pivot":{"x":9.721518516540528,"y":0.7707095146179199,"z":3.153738021850586},"rotation":{"x":-0.08077742159366608,"y":-0.8069686889648438,"z":0.11355973035097122,"w":-0.5739887356758118},"size":2.530686855316162,"orthographic":false}