{"cameraMode":{"drawMode":0,"name":"Shaded","section":"Shading Mode"},"sceneLighting":false,"audioPlay":false,"sceneViewState":{"showFog":true,"showMaterialUpdate":false,"showSkybox":false,"showFlares":true,"showImageEffects":true,"showParticleSystems":true},"in2DMode":false,"pivot":{"x":9.734999656677246,"y":1.3519999980926514,"z":6.611000061035156},"rotation":{"x":-0.17838729918003083,"y":-0.7328928709030151,"z":0.21021291613578797,"w":-0.6220448017120361},"size":2.040349245071411,"orthographic":false}